{"cameraMode":{"drawMode":0,"name":"Shaded","section":"Shading Mode"},"sceneLighting":false,"audioPlay":false,"sceneViewState":{"showFog":true,"showMaterialUpdate":false,"showSkybox":false,"showFlares":true,"showImageEffects":true,"showParticleSystems":true},"in2DMode":false,"pivot":{"x":-0.5874409675598145,"y":-4.64686393737793,"z":0.48494547605514529},"rotation":{"x":-0.10851537436246872,"y":-0.5737753510475159,"z":0.07708065956830979,"w":-0.8081420660018921},"size":20.407760620117189,"orthographic":false}