{"cameraMode":{"drawMode":0,"name":"Shaded","section":"Shading Mode"},"sceneLighting":false,"audioPlay":false,"sceneViewState":{"showFog":true,"showMaterialUpdate":false,"showSkybox":false,"showFlares":true,"showImageEffects":true,"showParticleSystems":true},"in2DMode":false,"pivot":{"x":-5.0,"y":12.80000114440918,"z":-16.900001525878908},"rotation":{"x":0.08074747025966644,"y":-0.1989704668521881,"z":0.016452336683869363,"w":0.976534903049469},"size":13.248106956481934,"orthographic":false}