{"cameraMode":{"drawMode":0,"name":"Shaded","section":"Shading Mode"},"sceneLighting":false,"audioPlay":false,"sceneViewState":{"showFog":true,"showMaterialUpdate":false,"showSkybox":false,"showFlares":true,"showImageEffects":true,"showParticleSystems":true},"in2DMode":false,"pivot":{"x":21.999998092651368,"y":30.0,"z":39.244998931884769},"rotation":{"x":0.23684924840927125,"y":-0.09570470452308655,"z":0.02343868464231491,"w":0.9665515422821045},"size":12.78867244720459,"orthographic":false}