{"cameraMode":{"drawMode":0,"name":"Shaded","section":"Shading Mode"},"sceneLighting":false,"audioPlay":false,"sceneViewState":{"showFog":true,"showMaterialUpdate":false,"showSkybox":false,"showFlares":true,"showImageEffects":true,"showParticleSystems":true},"in2DMode":false,"pivot":{"x":-9.52114486694336,"y":14.849845886230469,"z":30.74585723876953},"rotation":{"x":0.07058147341012955,"y":0.8162589073181152,"z":-0.5642201900482178,"w":0.10215505957603455},"size":50.43804168701172,"orthographic":false}