{"cameraMode":{"drawMode":0,"name":"Shaded","section":"Shading Mode"},"sceneLighting":false,"audioPlay":false,"sceneViewState":{"showFog":true,"showMaterialUpdate":false,"showSkybox":false,"showFlares":true,"showImageEffects":true,"showParticleSystems":true},"in2DMode":false,"pivot":{"x":-0.9930539131164551,"y":4.609820365905762,"z":5.259394645690918},"rotation":{"x":-0.26918333768844607,"y":-0.3999754786491394,"z":0.1241111010313034,"w":-0.8673712015151978},"size":6.0961527824401859,"orthographic":false}