{"cameraMode":{"drawMode":0,"name":"Shaded","section":"Shading Mode"},"sceneLighting":false,"audioPlay":false,"sceneViewState":{"showFog":true,"showMaterialUpdate":false,"showSkybox":false,"showFlares":true,"showImageEffects":true,"showParticleSystems":true},"in2DMode":false,"pivot":{"x":-9.541500091552735,"y":10.171501159667969,"z":2.0865001678466799},"rotation":{"x":0.06899420917034149,"y":-0.6259335875511169,"z":0.05573376640677452,"w":0.774820864200592},"size":22.953718185424806,"orthographic":false}