{"cameraMode":{"drawMode":0,"name":"Shaded","section":"Shading Mode"},"sceneLighting":true,"audioPlay":false,"sceneViewState":{"showFog":true,"showMaterialUpdate":false,"showSkybox":true,"showFlares":true,"showImageEffects":true,"showParticleSystems":true},"in2DMode":false,"pivot":{"x":171.44491577148438,"y":260.9173583984375,"z":371.14501953125},"rotation":{"x":0.3533879816532135,"y":0.05620817840099335,"z":-0.020951926708221437,"w":0.9336727261543274},"size":1430.4669189453125,"orthographic":false}