{"cameraMode":{"drawMode":0,"name":"Shaded","section":"Shading Mode"},"sceneLighting":false,"audioPlay":false,"sceneViewState":{"showFog":true,"showMaterialUpdate":false,"showSkybox":false,"showFlares":true,"showImageEffects":true,"showParticleSystems":true},"in2DMode":false,"pivot":{"x":-9.000001907348633,"y":0.0,"z":1.2450006008148194},"rotation":{"x":0.3920572102069855,"y":-0.06190157309174538,"z":0.026771530508995057,"w":0.917589545249939},"size":12.788671493530274,"orthographic":false}