{"cameraMode":{"drawMode":0,"name":"Shaded","section":"Shading Mode"},"sceneLighting":false,"audioPlay":false,"sceneViewState":{"showFog":true,"showMaterialUpdate":false,"showSkybox":false,"showFlares":true,"showImageEffects":true,"showParticleSystems":true},"in2DMode":false,"pivot":{"x":879.28857421875,"y":561.0468139648438,"z":135.7142333984375},"rotation":{"x":0.2725122570991516,"y":-0.0011564132291823626,"z":0.0003335049550514668,"w":0.9621679186820984},"size":530.2566528320313,"orthographic":false}